[{
    "name": "religieux",
    "values": [{
        "source": "figaro",
        "rank": 9,
        "sub_values": [
            ["1997/12/31", 0],
            ["1998/12/31", 0],
            ["1999/12/31", 0],
            ["2000/12/31", 0],
            ["2001/12/31", 7],
            ["2002/12/31", 4],
            ["2003/12/31", 8],
            ["2004/12/31", 4],
            ["2005/12/31", 1],
            ["2006/12/31", 6],
            ["2007/12/31", 2],
            ["2008/12/31", 3],
            ["2009/12/31", 1],
            ["2010/12/31", 3],
            ["2011/12/31", 3],
            ["2012/12/31", 6],
            ["2013/12/31", 3],
            ["2014/12/31", 1],
            ["2015/12/31", 3]
        ]
    }, {
        "source": "global",
        "rank": 8,
        "sub_values": [
            ["1997/12/31", 1],
            ["1998/12/31", 1],
            ["1999/12/31", 6],
            ["2000/12/31", 4],
            ["2001/12/31", 25],
            ["2002/12/31", 20],
            ["2003/12/31", 22],
            ["2004/12/31", 15],
            ["2005/12/31", 8],
            ["2006/12/31", 10],
            ["2007/12/31", 6],
            ["2008/12/31", 11],
            ["2009/12/31", 11],
            ["2010/12/31", 8],
            ["2011/12/31", 11],
            ["2012/12/31", 8],
            ["2013/12/31", 8],
            ["2014/12/31", 4],
            ["2015/12/31", 3]
        ]
    }, {
        "source": "liberation",
        "rank": 15,
        "sub_values": [
            ["1997/12/31", 0],
            ["1998/12/31", 0],
            ["1999/12/31", 1],
            ["2000/12/31", 1],
            ["2001/12/31", 1],
            ["2002/12/31", 2],
            ["2003/12/31", 5],
            ["2004/12/31", 1],
            ["2005/12/31", 6],
            ["2006/12/31", 2],
            ["2007/12/31", 0],
            ["2008/12/31", 0],
            ["2009/12/31", 1],
            ["2010/12/31", 0],
            ["2011/12/31", 1],
            ["2012/12/31", 0],
            ["2013/12/31", 0],
            ["2014/12/31", 0],
            ["2015/12/31", 0]
        ]
    }, {
        "source": "lemonde",
        "rank": 6,
        "sub_values": [
            ["1997/12/31", 1],
            ["1998/12/31", 1],
            ["1999/12/31", 5],
            ["2000/12/31", 3],
            ["2001/12/31", 17],
            ["2002/12/31", 14],
            ["2003/12/31", 9],
            ["2004/12/31", 10],
            ["2005/12/31", 1],
            ["2006/12/31", 2],
            ["2007/12/31", 4],
            ["2008/12/31", 8],
            ["2009/12/31", 9],
            ["2010/12/31", 5],
            ["2011/12/31", 7],
            ["2012/12/31", 2],
            ["2013/12/31", 5],
            ["2014/12/31", 3],
            ["2015/12/31", 0]
        ]
    }]
}, {
    "name": "vrai",
    "values": [{
        "source": "figaro",
        "rank": 12,
        "sub_values": [
            ["1997/12/31", 0],
            ["1998/12/31", 0],
            ["1999/12/31", 0],
            ["2000/12/31", 0],
            ["2001/12/31", 2],
            ["2002/12/31", 8],
            ["2003/12/31", 6],
            ["2004/12/31", 4],
            ["2005/12/31", 7],
            ["2006/12/31", 3],
            ["2007/12/31", 3],
            ["2008/12/31", 0],
            ["2009/12/31", 1],
            ["2010/12/31", 3],
            ["2011/12/31", 4],
            ["2012/12/31", 2],
            ["2013/12/31", 2],
            ["2014/12/31", 4],
            ["2015/12/31", 8]
        ]
    }, {
        "source": "global",
        "rank": 9,
        "sub_values": [
            ["1997/12/31", 2],
            ["1998/12/31", 4],
            ["1999/12/31", 1],
            ["2000/12/31", 1],
            ["2001/12/31", 26],
            ["2002/12/31", 24],
            ["2003/12/31", 12],
            ["2004/12/31", 18],
            ["2005/12/31", 11],
            ["2006/12/31", 9],
            ["2007/12/31", 6],
            ["2008/12/31", 3],
            ["2009/12/31", 3],
            ["2010/12/31", 5],
            ["2011/12/31", 13],
            ["2012/12/31", 10],
            ["2013/12/31", 7],
            ["2014/12/31", 19],
            ["2015/12/31", 22]
        ]
    }, {
        "source": "liberation",
        "rank": 13,
        "sub_values": [
            ["1997/12/31", 0],
            ["1998/12/31", 0],
            ["1999/12/31", 0],
            ["2000/12/31", 0],
            ["2001/12/31", 2],
            ["2002/12/31", 2],
            ["2003/12/31", 1],
            ["2004/12/31", 2],
            ["2005/12/31", 1],
            ["2006/12/31", 1],
            ["2007/12/31", 0],
            ["2008/12/31", 0],
            ["2009/12/31", 0],
            ["2010/12/31", 1],
            ["2011/12/31", 0],
            ["2012/12/31", 2],
            ["2013/12/31", 1],
            ["2014/12/31", 6],
            ["2015/12/31", 5]
        ]
    }, {
        "source": "lemonde",
        "rank": 9,
        "sub_values": [
            ["1997/12/31", 2],
            ["1998/12/31", 4],
            ["1999/12/31", 1],
            ["2000/12/31", 1],
            ["2001/12/31", 22],
            ["2002/12/31", 14],
            ["2003/12/31", 5],
            ["2004/12/31", 12],
            ["2005/12/31", 3],
            ["2006/12/31", 5],
            ["2007/12/31", 3],
            ["2008/12/31", 3],
            ["2009/12/31", 2],
            ["2010/12/31", 1],
            ["2011/12/31", 9],
            ["2012/12/31", 6],
            ["2013/12/31", 4],
            ["2014/12/31", 9],
            ["2015/12/31", 9]
        ]
    }]
}, {
    "name": "sunnite",
    "values": [{
        "source": "figaro",
        "rank": 3,
        "sub_values": [
            ["1997/12/31", 0],
            ["1998/12/31", 0],
            ["1999/12/31", 0],
            ["2000/12/31", 0],
            ["2001/12/31", 8],
            ["2002/12/31", 5],
            ["2003/12/31", 9],
            ["2004/12/31", 21],
            ["2005/12/31", 11],
            ["2006/12/31", 8],
            ["2007/12/31", 7],
            ["2008/12/31", 5],
            ["2009/12/31", 6],
            ["2010/12/31", 2],
            ["2011/12/31", 9],
            ["2012/12/31", 11],
            ["2013/12/31", 16],
            ["2014/12/31", 10],
            ["2015/12/31", 17]
        ]
    }, {
        "source": "global",
        "rank": 3,
        "sub_values": [
            ["1997/12/31", 14],
            ["1998/12/31", 15],
            ["1999/12/31", 13],
            ["2000/12/31", 12],
            ["2001/12/31", 45],
            ["2002/12/31", 32],
            ["2003/12/31", 35],
            ["2004/12/31", 43],
            ["2005/12/31", 31],
            ["2006/12/31", 15],
            ["2007/12/31", 18],
            ["2008/12/31", 13],
            ["2009/12/31", 11],
            ["2010/12/31", 13],
            ["2011/12/31", 30],
            ["2012/12/31", 42],
            ["2013/12/31", 36],
            ["2014/12/31", 21],
            ["2015/12/31", 29]
        ]
    }, {
        "source": "liberation",
        "rank": 3,
        "sub_values": [
            ["1997/12/31", 3],
            ["1998/12/31", 5],
            ["1999/12/31", 1],
            ["2000/12/31", 2],
            ["2001/12/31", 6],
            ["2002/12/31", 13],
            ["2003/12/31", 5],
            ["2004/12/31", 6],
            ["2005/12/31", 6],
            ["2006/12/31", 5],
            ["2007/12/31", 0],
            ["2008/12/31", 3],
            ["2009/12/31", 0],
            ["2010/12/31", 0],
            ["2011/12/31", 2],
            ["2012/12/31", 3],
            ["2013/12/31", 0],
            ["2014/12/31", 0],
            ["2015/12/31", 2]
        ]
    }, {
        "source": "lemonde",
        "rank": 3,
        "sub_values": [
            ["1997/12/31", 11],
            ["1998/12/31", 10],
            ["1999/12/31", 12],
            ["2000/12/31", 10],
            ["2001/12/31", 31],
            ["2002/12/31", 14],
            ["2003/12/31", 21],
            ["2004/12/31", 16],
            ["2005/12/31", 14],
            ["2006/12/31", 2],
            ["2007/12/31", 11],
            ["2008/12/31", 5],
            ["2009/12/31", 5],
            ["2010/12/31", 11],
            ["2011/12/31", 19],
            ["2012/12/31", 28],
            ["2013/12/31", 20],
            ["2014/12/31", 11],
            ["2015/12/31", 10]
        ]
    }]
}, {
    "name": "moderne",
    "values": [{
        "source": "figaro",
        "rank": 14,
        "sub_values": [
            ["1997/12/31", 0],
            ["1998/12/31", 0],
            ["1999/12/31", 0],
            ["2000/12/31", 0],
            ["2001/12/31", 2],
            ["2002/12/31", 8],
            ["2003/12/31", 11],
            ["2004/12/31", 5],
            ["2005/12/31", 0],
            ["2006/12/31", 0],
            ["2007/12/31", 4],
            ["2008/12/31", 1],
            ["2009/12/31", 0],
            ["2010/12/31", 3],
            ["2011/12/31", 0],
            ["2012/12/31", 1],
            ["2013/12/31", 1],
            ["2014/12/31", 3],
            ["2015/12/31", 1]
        ]
    }, {
        "source": "global",
        "rank": 19,
        "sub_values": [
            ["1997/12/31", 3],
            ["1998/12/31", 7],
            ["1999/12/31", 1],
            ["2000/12/31", 2],
            ["2001/12/31", 10],
            ["2002/12/31", 24],
            ["2003/12/31", 21],
            ["2004/12/31", 10],
            ["2005/12/31", 1],
            ["2006/12/31", 0],
            ["2007/12/31", 7],
            ["2008/12/31", 5],
            ["2009/12/31", 5],
            ["2010/12/31", 4],
            ["2011/12/31", 0],
            ["2012/12/31", 4],
            ["2013/12/31", 2],
            ["2014/12/31", 6],
            ["2015/12/31", 2]
        ]
    }, {
        "source": "liberation",
        "rank": 8,
        "sub_values": [
            ["1997/12/31", 2],
            ["1998/12/31", 0],
            ["1999/12/31", 0],
            ["2000/12/31", 0],
            ["2001/12/31", 4],
            ["2002/12/31", 3],
            ["2003/12/31", 5],
            ["2004/12/31", 2],
            ["2005/12/31", 1],
            ["2006/12/31", 0],
            ["2007/12/31", 2],
            ["2008/12/31", 4],
            ["2009/12/31", 1],
            ["2010/12/31", 0],
            ["2011/12/31", 0],
            ["2012/12/31", 2],
            ["2013/12/31", 0],
            ["2014/12/31", 2],
            ["2015/12/31", 0]
        ]
    }, {
        "source": "lemonde",
        "rank": 25,
        "sub_values": [
            ["1997/12/31", 1],
            ["1998/12/31", 7],
            ["1999/12/31", 1],
            ["2000/12/31", 2],
            ["2001/12/31", 4],
            ["2002/12/31", 13],
            ["2003/12/31", 5],
            ["2004/12/31", 3],
            ["2005/12/31", 0],
            ["2006/12/31", 0],
            ["2007/12/31", 1],
            ["2008/12/31", 0],
            ["2009/12/31", 4],
            ["2010/12/31", 1],
            ["2011/12/31", 0],
            ["2012/12/31", 1],
            ["2013/12/31", 1],
            ["2014/12/31", 1],
            ["2015/12/31", 1]
        ]
    }]
}, {
    "name": "fondamentaliste",
    "values": [{
        "source": "figaro",
        "rank": 8,
        "sub_values": [
            ["1997/12/31", 0],
            ["1998/12/31", 0],
            ["1999/12/31", 0],
            ["2000/12/31", 0],
            ["2001/12/31", 2],
            ["2002/12/31", 14],
            ["2003/12/31", 7],
            ["2004/12/31", 9],
            ["2005/12/31", 5],
            ["2006/12/31", 3],
            ["2007/12/31", 1],
            ["2008/12/31", 0],
            ["2009/12/31", 5],
            ["2010/12/31", 4],
            ["2011/12/31", 2],
            ["2012/12/31", 3],
            ["2013/12/31", 2],
            ["2014/12/31", 2],
            ["2015/12/31", 3]
        ]
    }, {
        "source": "global",
        "rank": 10,
        "sub_values": [
            ["1997/12/31", 1],
            ["1998/12/31", 2],
            ["1999/12/31", 4],
            ["2000/12/31", 0],
            ["2001/12/31", 22],
            ["2002/12/31", 35],
            ["2003/12/31", 22],
            ["2004/12/31", 24],
            ["2005/12/31", 10],
            ["2006/12/31", 5],
            ["2007/12/31", 2],
            ["2008/12/31", 4],
            ["2009/12/31", 7],
            ["2010/12/31", 10],
            ["2011/12/31", 3],
            ["2012/12/31", 6],
            ["2013/12/31", 5],
            ["2014/12/31", 4],
            ["2015/12/31", 10]
        ]
    }, {
        "source": "liberation",
        "rank": 4,
        "sub_values": [
            ["1997/12/31", 0],
            ["1998/12/31", 1],
            ["1999/12/31", 2],
            ["2000/12/31", 0],
            ["2001/12/31", 5],
            ["2002/12/31", 6],
            ["2003/12/31", 9],
            ["2004/12/31", 9],
            ["2005/12/31", 3],
            ["2006/12/31", 2],
            ["2007/12/31", 1],
            ["2008/12/31", 2],
            ["2009/12/31", 0],
            ["2010/12/31", 0],
            ["2011/12/31", 0],
            ["2012/12/31", 1],
            ["2013/12/31", 0],
            ["2014/12/31", 1],
            ["2015/12/31", 5]
        ]
    }, {
        "source": "lemonde",
        "rank": 18,
        "sub_values": [
            ["1997/12/31", 1],
            ["1998/12/31", 1],
            ["1999/12/31", 2],
            ["2000/12/31", 0],
            ["2001/12/31", 15],
            ["2002/12/31", 15],
            ["2003/12/31", 6],
            ["2004/12/31", 6],
            ["2005/12/31", 2],
            ["2006/12/31", 0],
            ["2007/12/31", 0],
            ["2008/12/31", 2],
            ["2009/12/31", 2],
            ["2010/12/31", 6],
            ["2011/12/31", 1],
            ["2012/12/31", 2],
            ["2013/12/31", 3],
            ["2014/12/31", 1],
            ["2015/12/31", 2]
        ]
    }]
}, {
    "name": "rigoriste",
    "values": [{
        "source": "figaro",
        "rank": 4,
        "sub_values": [
            ["1997/12/31", 0],
            ["1998/12/31", 0],
            ["1999/12/31", 0],
            ["2000/12/31", 0],
            ["2001/12/31", 3],
            ["2002/12/31", 1],
            ["2003/12/31", 6],
            ["2004/12/31", 5],
            ["2005/12/31", 7],
            ["2006/12/31", 6],
            ["2007/12/31", 6],
            ["2008/12/31", 2],
            ["2009/12/31", 9],
            ["2010/12/31", 1],
            ["2011/12/31", 1],
            ["2012/12/31", 8],
            ["2013/12/31", 5],
            ["2014/12/31", 3],
            ["2015/12/31", 15]
        ]
    }, {
        "source": "global",
        "rank": 4,
        "sub_values": [
            ["1997/12/31", 1],
            ["1998/12/31", 2],
            ["1999/12/31", 1],
            ["2000/12/31", 1],
            ["2001/12/31", 19],
            ["2002/12/31", 12],
            ["2003/12/31", 15],
            ["2004/12/31", 18],
            ["2005/12/31", 14],
            ["2006/12/31", 14],
            ["2007/12/31", 11],
            ["2008/12/31", 16],
            ["2009/12/31", 13],
            ["2010/12/31", 14],
            ["2011/12/31", 18],
            ["2012/12/31", 28],
            ["2013/12/31", 30],
            ["2014/12/31", 11],
            ["2015/12/31", 28]
        ]
    }, {
        "source": "liberation",
        "rank": 6,
        "sub_values": [
            ["1997/12/31", 0],
            ["1998/12/31", 1],
            ["1999/12/31", 1],
            ["2000/12/31", 1],
            ["2001/12/31", 0],
            ["2002/12/31", 2],
            ["2003/12/31", 3],
            ["2004/12/31", 5],
            ["2005/12/31", 3],
            ["2006/12/31", 6],
            ["2007/12/31", 0],
            ["2008/12/31", 3],
            ["2009/12/31", 0],
            ["2010/12/31", 0],
            ["2011/12/31", 3],
            ["2012/12/31", 1],
            ["2013/12/31", 5],
            ["2014/12/31", 0],
            ["2015/12/31", 1]
        ]
    }, {
        "source": "lemonde",
        "rank": 4,
        "sub_values": [
            ["1997/12/31", 1],
            ["1998/12/31", 1],
            ["1999/12/31", 0],
            ["2000/12/31", 0],
            ["2001/12/31", 16],
            ["2002/12/31", 9],
            ["2003/12/31", 6],
            ["2004/12/31", 8],
            ["2005/12/31", 4],
            ["2006/12/31", 2],
            ["2007/12/31", 5],
            ["2008/12/31", 11],
            ["2009/12/31", 4],
            ["2010/12/31", 13],
            ["2011/12/31", 14],
            ["2012/12/31", 19],
            ["2013/12/31", 20],
            ["2014/12/31", 8],
            ["2015/12/31", 12]
        ]
    }]
}, {
    "name": "chiite",
    "values": [{
        "source": "figaro",
        "rank": 10,
        "sub_values": [
            ["1997/12/31", 0],
            ["1998/12/31", 0],
            ["1999/12/31", 0],
            ["2000/12/31", 0],
            ["2001/12/31", 0],
            ["2002/12/31", 0],
            ["2003/12/31", 6],
            ["2004/12/31", 7],
            ["2005/12/31", 3],
            ["2006/12/31", 1],
            ["2007/12/31", 5],
            ["2008/12/31", 5],
            ["2009/12/31", 12],
            ["2010/12/31", 1],
            ["2011/12/31", 2],
            ["2012/12/31", 1],
            ["2013/12/31", 0],
            ["2014/12/31", 2],
            ["2015/12/31", 6]
        ]
    }, {
        "source": "global",
        "rank": 5,
        "sub_values": [
            ["1997/12/31", 2],
            ["1998/12/31", 4],
            ["1999/12/31", 5],
            ["2000/12/31", 5],
            ["2001/12/31", 16],
            ["2002/12/31", 2],
            ["2003/12/31", 26],
            ["2004/12/31", 36],
            ["2005/12/31", 16],
            ["2006/12/31", 7],
            ["2007/12/31", 12],
            ["2008/12/31", 15],
            ["2009/12/31", 24],
            ["2010/12/31", 16],
            ["2011/12/31", 21],
            ["2012/12/31", 9],
            ["2013/12/31", 14],
            ["2014/12/31", 19],
            ["2015/12/31", 11]
        ]
    }, {
        "source": "liberation",
        "rank": 7,
        "sub_values": [
            ["1997/12/31", 1],
            ["1998/12/31", 1],
            ["1999/12/31", 1],
            ["2000/12/31", 3],
            ["2001/12/31", 2],
            ["2002/12/31", 2],
            ["2003/12/31", 7],
            ["2004/12/31", 6],
            ["2005/12/31", 4],
            ["2006/12/31", 2],
            ["2007/12/31", 0],
            ["2008/12/31", 0],
            ["2009/12/31", 0],
            ["2010/12/31", 0],
            ["2011/12/31", 4],
            ["2012/12/31", 0],
            ["2013/12/31", 0],
            ["2014/12/31", 0],
            ["2015/12/31", 1]
        ]
    }, {
        "source": "lemonde",
        "rank": 5,
        "sub_values": [
            ["1997/12/31", 1],
            ["1998/12/31", 3],
            ["1999/12/31", 4],
            ["2000/12/31", 2],
            ["2001/12/31", 14],
            ["2002/12/31", 0],
            ["2003/12/31", 13],
            ["2004/12/31", 23],
            ["2005/12/31", 9],
            ["2006/12/31", 4],
            ["2007/12/31", 7],
            ["2008/12/31", 10],
            ["2009/12/31", 12],
            ["2010/12/31", 15],
            ["2011/12/31", 15],
            ["2012/12/31", 8],
            ["2013/12/31", 14],
            ["2014/12/31", 17],
            ["2015/12/31", 4]
        ]
    }]
}, {
    "name": "politique",
    "values": [{
        "source": "figaro",
        "rank": 2,
        "sub_values": [
            ["1997/12/31", 0],
            ["1998/12/31", 0],
            ["1999/12/31", 0],
            ["2000/12/31", 1],
            ["2001/12/31", 24],
            ["2002/12/31", 39],
            ["2003/12/31", 29],
            ["2004/12/31", 19],
            ["2005/12/31", 19],
            ["2006/12/31", 6],
            ["2007/12/31", 28],
            ["2008/12/31", 10],
            ["2009/12/31", 9],
            ["2010/12/31", 24],
            ["2011/12/31", 41],
            ["2012/12/31", 37],
            ["2013/12/31", 57],
            ["2014/12/31", 36],
            ["2015/12/31", 37]
        ]
    }, {
        "source": "global",
        "rank": 2,
        "sub_values": [
            ["1997/12/31", 24],
            ["1998/12/31", 16],
            ["1999/12/31", 26],
            ["2000/12/31", 16],
            ["2001/12/31", 141],
            ["2002/12/31", 98],
            ["2003/12/31", 78],
            ["2004/12/31", 88],
            ["2005/12/31", 61],
            ["2006/12/31", 44],
            ["2007/12/31", 73],
            ["2008/12/31", 34],
            ["2009/12/31", 40],
            ["2010/12/31", 38],
            ["2011/12/31", 125],
            ["2012/12/31", 89],
            ["2013/12/31", 165],
            ["2014/12/31", 61],
            ["2015/12/31", 67]
        ]
    }, {
        "source": "liberation",
        "rank": 1,
        "sub_values": [
            ["1997/12/31", 2],
            ["1998/12/31", 0],
            ["1999/12/31", 1],
            ["2000/12/31", 5],
            ["2001/12/31", 17],
            ["2002/12/31", 21],
            ["2003/12/31", 14],
            ["2004/12/31", 23],
            ["2005/12/31", 8],
            ["2006/12/31", 25],
            ["2007/12/31", 11],
            ["2008/12/31", 5],
            ["2009/12/31", 1],
            ["2010/12/31", 0],
            ["2011/12/31", 3],
            ["2012/12/31", 4],
            ["2013/12/31", 1],
            ["2014/12/31", 5],
            ["2015/12/31", 6]
        ]
    }, {
        "source": "lemonde",
        "rank": 2,
        "sub_values": [
            ["1997/12/31", 22],
            ["1998/12/31", 16],
            ["1999/12/31", 25],
            ["2000/12/31", 10],
            ["2001/12/31", 100],
            ["2002/12/31", 38],
            ["2003/12/31", 35],
            ["2004/12/31", 46],
            ["2005/12/31", 34],
            ["2006/12/31", 13],
            ["2007/12/31", 34],
            ["2008/12/31", 19],
            ["2009/12/31", 30],
            ["2010/12/31", 14],
            ["2011/12/31", 81],
            ["2012/12/31", 48],
            ["2013/12/31", 107],
            ["2014/12/31", 20],
            ["2015/12/31", 24]
        ]
    }]
}, {
    "name": "pur",
    "values": [{
        "source": "figaro",
        "rank": 15,
        "sub_values": [
            ["1997/12/31", 0],
            ["1998/12/31", 1],
            ["1999/12/31", 0],
            ["2000/12/31", 0],
            ["2001/12/31", 5],
            ["2002/12/31", 1],
            ["2003/12/31", 5],
            ["2004/12/31", 3],
            ["2005/12/31", 7],
            ["2006/12/31", 4],
            ["2007/12/31", 1],
            ["2008/12/31", 1],
            ["2009/12/31", 0],
            ["2010/12/31", 0],
            ["2011/12/31", 0],
            ["2012/12/31", 1],
            ["2013/12/31", 3],
            ["2014/12/31", 1],
            ["2015/12/31", 3]
        ]
    }, {
        "source": "global",
        "rank": 17,
        "sub_values": [
            ["1997/12/31", 0],
            ["1998/12/31", 3],
            ["1999/12/31", 3],
            ["2000/12/31", 4],
            ["2001/12/31", 31],
            ["2002/12/31", 11],
            ["2003/12/31", 8],
            ["2004/12/31", 12],
            ["2005/12/31", 12],
            ["2006/12/31", 7],
            ["2007/12/31", 1],
            ["2008/12/31", 4],
            ["2009/12/31", 2],
            ["2010/12/31", 2],
            ["2011/12/31", 1],
            ["2012/12/31", 2],
            ["2013/12/31", 7],
            ["2014/12/31", 2],
            ["2015/12/31", 10]
        ]
    }, {
        "source": "liberation",
        "rank": 14,
        "sub_values": [
            ["1997/12/31", 0],
            ["1998/12/31", 0],
            ["1999/12/31", 2],
            ["2000/12/31", 1],
            ["2001/12/31", 1],
            ["2002/12/31", 3],
            ["2003/12/31", 0],
            ["2004/12/31", 2],
            ["2005/12/31", 1],
            ["2006/12/31", 3],
            ["2007/12/31", 0],
            ["2008/12/31", 1],
            ["2009/12/31", 2],
            ["2010/12/31", 1],
            ["2011/12/31", 1],
            ["2012/12/31", 0],
            ["2013/12/31", 1],
            ["2014/12/31", 0],
            ["2015/12/31", 4]
        ]
    }, {
        "source": "lemonde",
        "rank": 20,
        "sub_values": [
            ["1997/12/31", 0],
            ["1998/12/31", 2],
            ["1999/12/31", 1],
            ["2000/12/31", 3],
            ["2001/12/31", 25],
            ["2002/12/31", 7],
            ["2003/12/31", 3],
            ["2004/12/31", 7],
            ["2005/12/31", 4],
            ["2006/12/31", 0],
            ["2007/12/31", 0],
            ["2008/12/31", 2],
            ["2009/12/31", 0],
            ["2010/12/31", 1],
            ["2011/12/31", 0],
            ["2012/12/31", 1],
            ["2013/12/31", 3],
            ["2014/12/31", 1],
            ["2015/12/31", 3]
        ]
    }]
}, {
    "name": "radical",
    "values": [{
        "source": "figaro",
        "rank": 1,
        "sub_values": [
            ["1997/12/31", 0],
            ["1998/12/31", 0],
            ["1999/12/31", 0],
            ["2000/12/31", 0],
            ["2001/12/31", 22],
            ["2002/12/31", 38],
            ["2003/12/31", 17],
            ["2004/12/31", 64],
            ["2005/12/31", 47],
            ["2006/12/31", 16],
            ["2007/12/31", 38],
            ["2008/12/31", 12],
            ["2009/12/31", 20],
            ["2010/12/31", 49],
            ["2011/12/31", 33],
            ["2012/12/31", 84],
            ["2013/12/31", 49],
            ["2014/12/31", 90],
            ["2015/12/31", 205]
        ]
    }, {
        "source": "global",
        "rank": 1,
        "sub_values": [
            ["1997/12/31", 8],
            ["1998/12/31", 2],
            ["1999/12/31", 9],
            ["2000/12/31", 8],
            ["2001/12/31", 58],
            ["2002/12/31", 100],
            ["2003/12/31", 56],
            ["2004/12/31", 143],
            ["2005/12/31", 123],
            ["2006/12/31", 52],
            ["2007/12/31", 83],
            ["2008/12/31", 56],
            ["2009/12/31", 61],
            ["2010/12/31", 87],
            ["2011/12/31", 76],
            ["2012/12/31", 179],
            ["2013/12/31", 134],
            ["2014/12/31", 157],
            ["2015/12/31", 262]
        ]
    }, {
        "source": "liberation",
        "rank": 2,
        "sub_values": [
            ["1997/12/31", 3],
            ["1998/12/31", 0],
            ["1999/12/31", 6],
            ["2000/12/31", 1],
            ["2001/12/31", 3],
            ["2002/12/31", 9],
            ["2003/12/31", 3],
            ["2004/12/31", 18],
            ["2005/12/31", 17],
            ["2006/12/31", 12],
            ["2007/12/31", 15],
            ["2008/12/31", 3],
            ["2009/12/31", 6],
            ["2010/12/31", 2],
            ["2011/12/31", 1],
            ["2012/12/31", 12],
            ["2013/12/31", 3],
            ["2014/12/31", 4],
            ["2015/12/31", 20]
        ]
    }, {
        "source": "lemonde",
        "rank": 1,
        "sub_values": [
            ["1997/12/31", 5],
            ["1998/12/31", 2],
            ["1999/12/31", 3],
            ["2000/12/31", 7],
            ["2001/12/31", 33],
            ["2002/12/31", 53],
            ["2003/12/31", 36],
            ["2004/12/31", 61],
            ["2005/12/31", 59],
            ["2006/12/31", 24],
            ["2007/12/31", 30],
            ["2008/12/31", 41],
            ["2009/12/31", 35],
            ["2010/12/31", 36],
            ["2011/12/31", 42],
            ["2012/12/31", 83],
            ["2013/12/31", 82],
            ["2014/12/31", 63],
            ["2015/12/31", 37]
        ]
    }]
}]
