[{
    "source": "figaro",
    "tops": [{
        "date": "1997/12/31",
        "words": [
            ["langue", 35],
            ["musulman", 32],
            ["france", 28],
            ["pays", 28],
            ["jeune", 27],
            ["temps", 24],
            ["international", 17],
            ["religion", 17],
            ["enfant", 16],
            ["beaucoup", 16],
            ["moins", 16],
            ["droit", 15],
            ["politique", 14],
            ["paris", 14],
            ["foulard", 14],
            ["professeur", 13],
            ["femme", 13],
            ["histoire", 13],
            ["fille", 13],
            ["islamique", 13],
            ["cas", 13],
            ["personne", 12],
            ["section", 12],
            ["peu", 11],
            ["mille", 11]
        ]
    }, {
        "date": "1999/12/31",
        "words": [
            ["kosovo", 60],
            ["serbe", 46],
            ["guerre", 44],
            ["musulman", 41],
            ["monde", 28],
            ["seul", 26],
            ["toujours", 25],
            ["milosevic", 25],
            ["pays", 25],
            ["serbie", 23],
            ["orthodoxe", 19],
            ["grec", 19],
            ["puis", 18],
            ["vie", 17],
            ["droit", 17],
            ["belgrade", 17],
            ["jeune", 16],
            ["religion", 16],
            ["politique", 15],
            ["petit", 15],
            ["question", 15],
            ["chemin", 15],
            ["peuple", 15],
            ["yougoslavie", 15],
            ["principe", 15]
        ]
    }, {
        "date": "1998/12/31",
        "words": [
            ["france", 29],
            ["pays", 26],
            ["monde", 25],
            ["guerre", 23],
            ["question", 17],
            ["mensonge", 17],
            ["premier", 16],
            ["africain", 16],
            ["comment", 15],
            ["histoire", 15],
            ["livre", 13],
            ["politique", 13],
            ["communisme", 13],
            ["jamais", 13],
            ["droit", 12],
            ["temps", 12],
            ["lieu", 12],
            ["musulman", 12],
            ["homme", 12],
            ["vie", 12],
            ["peu", 11],
            ["texte", 11],
            ["voyage", 11],
            ["raison", 11],
            ["moins", 11]
        ]
    }, {
        "date": "2002/12/31",
        "words": [
            ["musulman", 1701],
            ["islam", 1331],
            ["pays", 1272],
            ["politique", 1205],
            ["france", 1130],
            ["monde", 1056],
            ["guerre", 901],
            ["homme", 882],
            ["islamiste", 709],
            ["europe", 684],
            ["ministre", 664],
            ["premier", 641],
            ["septembre", 613],
            ["attentat", 598],
            ["arabe", 594],
            ["dernier", 591],
            ["droit", 557],
            ["religieux", 545],
            ["gouvernement", 534],
            ["ben", 529],
            ["seul", 513],
            ["toujours", 507],
            ["religion", 498],
            ["chef", 498]
        ]
    }, {
        "date": "2003/12/31",
        "words": [
            ["musulman", 2006],
            ["france", 1871],
            ["irak", 1637],
            ["pays", 1491],
            ["politique", 1490],
            ["guerre", 1368],
            ["islam", 1356],
            ["monde", 1136],
            ["religieux", 1059],
            ["irakien", 1055],
            ["homme", 902],
            ["ministre", 790],
            ["conseil", 771],
            ["droit", 770],
            ["loi", 760],
            ["premier", 744],
            ["jeune", 743],
            ["femme", 698],
            ["dernier", 697],
            ["islamiste", 691],
            ["religion", 684],
            ["saddam", 676],
            ["moins", 665],
            ["question", 662],
            ["attentat", 654]
        ]
    }, {
        "date": "2000/12/31",
        "words": [
            ["ville", 61],
            ["lyon", 57],
            ["monde", 51],
            ["musulman", 50],
            ["pays", 50],
            ["vie", 46],
            ["heure", 45],
            ["rue", 44],
            ["paris", 42],
            ["inde", 42],
            ["petit", 42],
            ["dieu", 40],
            ["place", 38],
            ["france", 38],
            ["seul", 36],
            ["jamais", 36],
            ["politique", 34],
            ["toujours", 33],
            ["fin", 30],
            ["temps", 29],
            ["nord", 29],
            ["mort", 29],
            ["indien", 29],
            ["homme", 28],
            ["avril", 28]
        ]
    }, {
        "date": "2001/12/31",
        "words": [
            ["pays", 1366],
            ["musulman", 1349],
            ["guerre", 1251],
            ["islam", 1189],
            ["monde", 1158],
            ["ben", 1032],
            ["laden", 1003],
            ["politique", 917],
            ["terrorisme", 794],
            ["attentat", 784],
            ["homme", 719],
            ["taliban", 704],
            ["terroriste", 703],
            ["france", 676],
            ["septembre", 674],
            ["arabe", 633],
            ["islamiste", 602],
            ["afghan", 599],
            ["militaire", 594],
            ["afghanistan", 547],
            ["seul", 515],
            ["chef", 509],
            ["hier", 507],
            ["washington", 503]
        ]
    }, {
        "date": "2006/12/31",
        "words": [
            ["musulman", 1828],
            ["pays", 1136],
            ["monde", 1073],
            ["politique", 1030],
            ["france", 847],
            ["islam", 810],
            ["guerre", 772],
            ["religion", 624],
            ["premier", 618],
            ["ministre", 602],
            ["religieux", 601],
            ["islamiste", 594],
            ["homme", 594],
            ["gouvernement", 530],
            ["droit", 514],
            ["islamique", 511],
            ["jeune", 508],
            ["femme", 502],
            ["dernier", 490],
            ["seul", 480],
            ["arabe", 478],
            ["moins", 465],
            ["chef", 441],
            ["toujours", 441]
        ]
    }, {
        "date": "2007/12/31",
        "words": [
            ["musulman", 928],
            ["pays", 834],
            ["france", 751],
            ["politique", 685],
            ["islam", 606],
            ["monde", 598],
            ["ministre", 479],
            ["premier", 450],
            ["homme", 423],
            ["sarkozy", 408],
            ["gouvernement", 407],
            ["islamiste", 404],
            ["hier", 376],
            ["guerre", 357],
            ["palestinien", 352],
            ["dernier", 351],
            ["chef", 347],
            ["religieux", 344],
            ["toujours", 338],
            ["groupe", 327],
            ["droit", 324],
            ["femme", 321],
            ["religion", 310]
        ]
    }, {
        "date": "2004/12/31",
        "words": [
            ["musulman", 2494],
            ["france", 2008],
            ["pays", 1851],
            ["politique", 1708],
            ["islam", 1380],
            ["irak", 1372],
            ["monde", 1358],
            ["guerre", 1123],
            ["religieux", 1068],
            ["ministre", 994],
            ["homme", 989],
            ["loi", 958],
            ["europe", 951],
            ["turquie", 897],
            ["islamiste", 893],
            ["dernier", 871],
            ["premier", 822],
            ["arabe", 797],
            ["question", 757],
            ["jeune", 754],
            ["seul", 728],
            ["religion", 725],
            ["droit", 725],
            ["irakien", 722]
        ]
    }, {
        "date": "2005/12/31",
        "words": [
            ["musulman", 1667],
            ["pays", 1311],
            ["france", 1060],
            ["politique", 1050],
            ["monde", 948],
            ["homme", 791],
            ["islam", 767],
            ["guerre", 690],
            ["premier", 674],
            ["religieux", 653],
            ["jeune", 652],
            ["dernier", 630],
            ["islamiste", 625],
            ["irak", 609],
            ["ministre", 579],
            ["attentat", 550],
            ["gouvernement", 545],
            ["femme", 513],
            ["droit", 512],
            ["seul", 511],
            ["religion", 489],
            ["hier", 485],
            ["peu", 480],
            ["loi", 477]
        ]
    }, {
        "date": "2015/12/31",
        "words": [
            ["france", 2005],
            ["musulman", 1877],
            ["islam", 1756],
            ["pays", 1092],
            ["politique", 1039],
            ["jeune", 890],
            ["monde", 877],
            ["attentat", 810],
            ["guerre", 801],
            ["homme", 781],
            ["religion", 750],
            ["national", 694],
            ["islamique", 693],
            ["syrie", 688],
            ["ancien", 653],
            ["terroriste", 631],
            ["premier", 631],
            ["dernier", 631],
            ["religieux", 629],
            ["paris", 613],
            ["question", 603],
            ["ministre", 583],
            ["histoire", 572],
            ["rien", 542]
        ]
    }, {
        "date": "2014/12/31",
        "words": [
            ["musulman", 1017],
            ["france", 787],
            ["islam", 717],
            ["pays", 706],
            ["politique", 643],
            ["guerre", 485],
            ["monde", 461],
            ["syrie", 457],
            ["islamique", 451],
            ["jeune", 449],
            ["homme", 431],
            ["irak", 404],
            ["djihadistes", 344],
            ["premier", 335],
            ["islamiste", 333],
            ["dernier", 329],
            ["ministre", 296],
            ["religieux", 295],
            ["femme", 286],
            ["groupe", 279],
            ["droit", 273],
            ["personne", 272],
            ["ville", 271],
            ["enfant", 270]
        ]
    }, {
        "date": "2008/12/31",
        "words": [
            ["musulman", 732],
            ["pays", 535],
            ["islam", 471],
            ["politique", 454],
            ["monde", 440],
            ["france", 361],
            ["homme", 335],
            ["religieux", 279],
            ["hier", 266],
            ["guerre", 248],
            ["religion", 238],
            ["droit", 235],
            ["premier", 228],
            ["dernier", 218],
            ["chef", 212],
            ["jeune", 205],
            ["arabe", 199],
            ["moins", 198],
            ["europe", 195],
            ["gouvernement", 190],
            ["toujours", 190],
            ["femme", 186],
            ["peu", 185],
            ["ancien", 181]
        ]
    }, {
        "date": "2009/12/31",
        "words": [
            ["musulman", 816],
            ["pays", 626],
            ["islam", 545],
            ["monde", 524],
            ["france", 504],
            ["politique", 453],
            ["homme", 376],
            ["premier", 339],
            ["ministre", 334],
            ["femme", 313],
            ["hier", 306],
            ["religieux", 286],
            ["dernier", 278],
            ["jeune", 261],
            ["guerre", 258],
            ["droit", 256],
            ["gouvernement", 255],
            ["toujours", 249],
            ["religion", 244],
            ["iranien", 243],
            ["national", 236],
            ["question", 232],
            ["iran", 229],
            ["palestinien", 227]
        ]
    }, {
        "date": "2011/12/31",
        "words": [
            ["musulman", 949],
            ["pays", 809],
            ["islam", 759],
            ["politique", 753],
            ["france", 670],
            ["kadhafi", 560],
            ["ministre", 544],
            ["monde", 534],
            ["arabe", 515],
            ["hier", 484],
            ["ancien", 472],
            ["parti", 458],
            ["homme", 450],
            ["premier", 418],
            ["chef", 411],
            ["islamiste", 406],
            ["libyen", 404],
            ["pouvoir", 401],
            ["dernier", 377],
            ["libye", 353],
            ["national", 343],
            ["religieux", 339],
            ["gouvernement", 338],
            ["ump", 324]
        ]
    }, {
        "date": "2010/12/31",
        "words": [
            ["musulman", 717],
            ["pays", 588],
            ["islam", 548],
            ["politique", 507],
            ["france", 424],
            ["monde", 344],
            ["homme", 324],
            ["religieux", 298],
            ["ministre", 290],
            ["premier", 277],
            ["gouvernement", 251],
            ["hier", 244],
            ["femme", 239],
            ["dernier", 236],
            ["jeune", 232],
            ["loi", 227],
            ["parti", 224],
            ["religion", 222],
            ["guerre", 218],
            ["national", 216],
            ["ancien", 210],
            ["question", 206],
            ["droit", 205],
            ["chef", 205]
        ]
    }, {
        "date": "2013/12/31",
        "words": [
            ["musulman", 889],
            ["france", 770],
            ["islam", 754],
            ["pays", 731],
            ["politique", 727],
            ["monde", 562],
            ["homme", 503],
            ["islamiste", 476],
            ["premier", 404],
            ["ministre", 382],
            ["dernier", 367],
            ["toujours", 359],
            ["jeune", 357],
            ["pouvoir", 348],
            ["guerre", 328],
            ["gouvernement", 318],
            ["militaire", 314],
            ["seul", 310],
            ["religieux", 307],
            ["droit", 305],
            ["femme", 304],
            ["peu", 287],
            ["question", 268],
            ["gauche", 267]
        ]
    }, {
        "date": "2012/12/31",
        "words": [
            ["musulman", 1080],
            ["islam", 811],
            ["france", 686],
            ["politique", 684],
            ["pays", 667],
            ["islamiste", 499],
            ["monde", 491],
            ["homme", 414],
            ["arabe", 413],
            ["dernier", 390],
            ["premier", 387],
            ["ministre", 375],
            ["religieux", 370],
            ["jeune", 334],
            ["droit", 331],
            ["pouvoir", 324],
            ["guerre", 321],
            ["parti", 312],
            ["ancien", 310],
            ["religion", 306],
            ["toujours", 295],
            ["chef", 294],
            ["gouvernement", 289],
            ["groupe", 286]
        ]
    }]
}, {
    "source": "lemonde",
    "tops": [{
        "date": "1997/12/31",
        "words": [
            ["musulman", 760],
            ["pays", 702],
            ["politique", 539],
            ["islam", 536],
            ["homme", 472],
            ["france", 451],
            ["monde", 398],
            ["jeune", 373],
            ["guerre", 357],
            ["etat", 331],
            ["premier", 315],
            ["parti", 312],
            ["droit", 312],
            ["femme", 308],
            ["ministre", 294],
            ["pouvoir", 290],
            ["arabe", 286],
            ["gouvernement", 285],
            ["islamiste", 285],
            ["ville", 284],
            ["temps", 277],
            ["moins", 270],
            ["juif", 259],
            ["chef", 257]
        ]
    }, {
        "date": "1999/12/31",
        "words": [
            ["musulman", 937],
            ["pays", 716],
            ["politique", 665],
            ["islam", 643],
            ["homme", 629],
            ["monde", 575],
            ["guerre", 516],
            ["serbe", 514],
            ["france", 463],
            ["jeune", 438],
            ["femme", 429],
            ["premier", 428],
            ["droit", 418],
            ["etat", 391],
            ["seul", 368],
            ["ville", 367],
            ["religieux", 354],
            ["ancien", 346],
            ["moins", 342],
            ["national", 339],
            ["parti", 336],
            ["histoire", 327],
            ["toujours", 323],
            ["pouvoir", 322]
        ]
    }, {
        "date": "1998/12/31",
        "words": [
            ["musulman", 778],
            ["politique", 741],
            ["pays", 740],
            ["islam", 631],
            ["homme", 550],
            ["france", 510],
            ["monde", 507],
            ["guerre", 452],
            ["pouvoir", 436],
            ["femme", 408],
            ["jeune", 384],
            ["premier", 377],
            ["etat", 365],
            ["ancien", 352],
            ["droit", 348],
            ["arabe", 340],
            ["moins", 335],
            ["toujours", 324],
            ["vie", 324],
            ["peu", 323],
            ["gouvernement", 322],
            ["seul", 321],
            ["ministre", 319],
            ["chef", 310]
        ]
    }, {
        "date": "2002/12/31",
        "words": [
            ["musulman", 2704],
            ["pays", 1996],
            ["monde", 1873],
            ["islam", 1819],
            ["politique", 1755],
            ["france", 1510],
            ["guerre", 1381],
            ["homme", 1274],
            ["septembre", 1132],
            ["arabe", 1040],
            ["premier", 1038],
            ["droit", 1032],
            ["ministre", 970],
            ["jeune", 968],
            ["etat", 957],
            ["religieux", 909],
            ["attentat", 889],
            ["moins", 888],
            ["seul", 853],
            ["palestinien", 846],
            ["personne", 818],
            ["femme", 804],
            ["europe", 788],
            ["gouvernement", 771]
        ]
    }, {
        "date": "2003/12/31",
        "words": [
            ["irak", 3631],
            ["irakien", 3459],
            ["musulman", 2752],
            ["guerre", 2646],
            ["pays", 2304],
            ["bagdad", 2032],
            ["france", 1905],
            ["politique", 1711],
            ["islam", 1702],
            ["monde", 1688],
            ["saddam", 1555],
            ["ministre", 1505],
            ["homme", 1375],
            ["religieux", 1312],
            ["ville", 1311],
            ["etat", 1297],
            ["hussein", 1286],
            ["militaire", 1230],
            ["premier", 1155],
            ["conseil", 1117],
            ["gouvernement", 1102],
            ["attentat", 1083],
            ["loi", 1080],
            ["arabe", 1079],
            ["femme", 1026]
        ]
    }, {
        "date": "2000/12/31",
        "words": [
            ["musulman", 1156],
            ["islam", 706],
            ["pays", 684],
            ["politique", 636],
            ["monde", 624],
            ["homme", 620],
            ["france", 573],
            ["guerre", 514],
            ["palestinien", 513],
            ["premier", 477],
            ["jeune", 473],
            ["religieux", 471],
            ["etat", 458],
            ["ville", 449],
            ["juif", 431],
            ["lieu", 415],
            ["seul", 380],
            ["ministre", 377],
            ["toujours", 371],
            ["ancien", 358],
            ["droit", 355],
            ["arabe", 351],
            ["peu", 346],
            ["moins", 344]
        ]
    }, {
        "date": "2001/12/31",
        "words": [
            ["musulman", 4237],
            ["pays", 3745],
            ["monde", 3468],
            ["islam", 3286],
            ["guerre", 3133],
            ["politique", 2701],
            ["ben", 2601],
            ["talibans", 2392],
            ["laden", 2377],
            ["homme", 2027],
            ["arabe", 1930],
            ["septembre", 1829],
            ["attentat", 1717],
            ["terroriste", 1688],
            ["terrorisme", 1612],
            ["france", 1561],
            ["premier", 1560],
            ["palestinien", 1531],
            ["afghan", 1517],
            ["etat", 1508],
            ["militaire", 1499],
            ["international", 1487],
            ["seul", 1443],
            ["chef", 1389]
        ]
    }, {
        "date": "2006/12/31",
        "words": [
            ["musulman", 815],
            ["politique", 713],
            ["pays", 638],
            ["monde", 535],
            ["islam", 513],
            ["guerre", 405],
            ["question", 398],
            ["droit", 385],
            ["homme", 381],
            ["gouvernement", 376],
            ["palestinien", 375],
            ["irak", 352],
            ["personne", 339],
            ["iran", 334],
            ["ministre", 334],
            ["international", 318],
            ["etat", 313],
            ["affaire", 309],
            ["premier", 308],
            ["europe", 282],
            ["arabe", 279],
            ["france", 273],
            ["fait", 259],
            ["rapport", 254],
            ["cas", 254]
        ]
    }, {
        "date": "2007/12/31",
        "words": [
            ["musulman", 1446],
            ["pays", 1279],
            ["politique", 1273],
            ["france", 1240],
            ["islam", 1052],
            ["monde", 946],
            ["homme", 889],
            ["premier", 729],
            ["ministre", 693],
            ["guerre", 677],
            ["droit", 672],
            ["femme", 633],
            ["palestinien", 619],
            ["etat", 567],
            ["camp", 562],
            ["jeune", 546],
            ["question", 538],
            ["groupe", 535],
            ["religion", 525],
            ["mort", 517],
            ["militaire", 514],
            ["seul", 506],
            ["gouvernement", 501],
            ["chef", 499]
        ]
    }, {
        "date": "2004/12/31",
        "words": [
            ["musulman", 3260],
            ["pays", 2525],
            ["politique", 2380],
            ["france", 2338],
            ["irak", 2055],
            ["islam", 1943],
            ["monde", 1862],
            ["ministre", 1607],
            ["homme", 1480],
            ["guerre", 1451],
            ["irakien", 1348],
            ["premier", 1347],
            ["gouvernement", 1343],
            ["loi", 1288],
            ["europe", 1251],
            ["personne", 1207],
            ["droit", 1185],
            ["religieux", 1173],
            ["etat", 1172],
            ["femme", 1169],
            ["turquie", 1137],
            ["arabe", 1131],
            ["chef", 1101],
            ["question", 1090],
            ["jeune", 1087]
        ]
    }, {
        "date": "2005/12/31",
        "words": [
            ["musulman", 1904],
            ["pays", 1581],
            ["islam", 1397],
            ["politique", 1347],
            ["france", 1221],
            ["monde", 1116],
            ["homme", 1080],
            ["jeune", 937],
            ["ministre", 870],
            ["premier", 865],
            ["attentat", 811],
            ["irak", 796],
            ["personne", 769],
            ["femme", 753],
            ["gouvernement", 731],
            ["groupe", 726],
            ["droit", 721],
            ["religieux", 713],
            ["etat", 712],
            ["loi", 706],
            ["moins", 669],
            ["question", 653],
            ["guerre", 638],
            ["chef", 638]
        ]
    }, {
        "date": "2015/12/31",
        "words": [
            ["musulman", 3597],
            ["france", 3168],
            ["pays", 2464],
            ["politique", 2258],
            ["monde", 2106],
            ["jeune", 1773],
            ["premier", 1584],
            ["personne", 1540],
            ["janvier", 1508],
            ["droit", 1434],
            ["guerre", 1398],
            ["paris", 1369],
            ["homme", 1344],
            ["religieux", 1330],
            ["attentat", 1321],
            ["religion", 1306],
            ["femme", 1285],
            ["national", 1275],
            ["question", 1244],
            ["islamique", 1203],
            ["ministre", 1190],
            ["groupe", 1144],
            ["lieu", 1144],
            ["peu", 1131]
        ]
    }, {
        "date": "2014/12/31",
        "words": [
            ["musulman", 1797],
            ["pays", 1572],
            ["politique", 1314],
            ["jeune", 1084],
            ["france", 1081],
            ["etat", 1078],
            ["homme", 1024],
            ["monde", 1011],
            ["islamique", 953],
            ["premier", 916],
            ["groupe", 864],
            ["syrie", 854],
            ["ville", 822],
            ["islam", 797],
            ["femme", 781],
            ["guerre", 777],
            ["ministre", 759],
            ["gouvernement", 744],
            ["droit", 731],
            ["personne", 710],
            ["irak", 682],
            ["chef", 678],
            ["parti", 659],
            ["religieux", 643]
        ]
    }, {
        "date": "2008/12/31",
        "words": [
            ["musulman", 1289],
            ["politique", 1050],
            ["pays", 1004],
            ["islam", 916],
            ["monde", 781],
            ["france", 770],
            ["homme", 710],
            ["religion", 668],
            ["religieux", 663],
            ["etat", 611],
            ["femme", 546],
            ["droit", 520],
            ["question", 509],
            ["personne", 489],
            ["jeune", 484],
            ["premier", 467],
            ["guerre", 440],
            ["moins", 429],
            ["vie", 424],
            ["seul", 418],
            ["lieu", 406],
            ["candidat", 405],
            ["peu", 398],
            ["parti", 393]
        ]
    }, {
        "date": "2009/12/31",
        "words": [
            ["musulman", 1768],
            ["pays", 1346],
            ["politique", 1244],
            ["islam", 1212],
            ["monde", 1073],
            ["france", 986],
            ["homme", 786],
            ["femme", 751],
            ["etat", 667],
            ["question", 633],
            ["religieux", 594],
            ["jeune", 587],
            ["guerre", 585],
            ["gouvernement", 570],
            ["premier", 569],
            ["national", 559],
            ["ministre", 552],
            ["droit", 528],
            ["palestinien", 510],
            ["peu", 508],
            ["religion", 506],
            ["arabe", 503],
            ["moins", 474],
            ["islamique", 462]
        ]
    }, {
        "date": "2011/12/31",
        "words": [
            ["politique", 2665],
            ["pays", 2588],
            ["musulman", 2458],
            ["islam", 1979],
            ["arabe", 1621],
            ["monde", 1565],
            ["france", 1559],
            ["kadhafi", 1527],
            ["parti", 1290],
            ["homme", 1245],
            ["etat", 1232],
            ["ministre", 1216],
            ["pouvoir", 1214],
            ["national", 1182],
            ["libyen", 1166],
            ["droit", 1097],
            ["libye", 1079],
            ["premier", 1053],
            ["question", 984],
            ["religieux", 976],
            ["ben", 972],
            ["gouvernement", 964],
            ["chef", 950],
            ["personne", 914]
        ]
    }, {
        "date": "2010/12/31",
        "words": [
            ["musulman", 1627],
            ["pays", 1179],
            ["politique", 1105],
            ["islam", 1045],
            ["france", 894],
            ["monde", 861],
            ["femme", 702],
            ["homme", 688],
            ["parti", 604],
            ["gouvernement", 570],
            ["ministre", 559],
            ["droit", 558],
            ["etat", 555],
            ["national", 548],
            ["religieux", 545],
            ["premier", 520],
            ["jeune", 517],
            ["personne", 515],
            ["moins", 498],
            ["question", 491],
            ["guerre", 479],
            ["chef", 449],
            ["groupe", 447],
            ["international", 444]
        ]
    }, {
        "date": "2013/12/31",
        "words": [
            ["musulman", 1910],
            ["politique", 1621],
            ["pays", 1569],
            ["islam", 1306],
            ["france", 1232],
            ["homme", 1189],
            ["monde", 1106],
            ["islamiste", 974],
            ["groupe", 973],
            ["etat", 965],
            ["jeune", 897],
            ["premier", 889],
            ["femme", 862],
            ["ministre", 861],
            ["pouvoir", 855],
            ["personne", 788],
            ["religieux", 777],
            ["droit", 767],
            ["guerre", 763],
            ["parti", 758],
            ["gouvernement", 754],
            ["chef", 698],
            ["ancien", 688],
            ["militaire", 672]
        ]
    }, {
        "date": "2012/12/31",
        "words": [
            ["musulman", 2283],
            ["politique", 1807],
            ["pays", 1770],
            ["islam", 1482],
            ["france", 1460],
            ["monde", 1303],
            ["homme", 1123],
            ["droit", 994],
            ["islamiste", 971],
            ["premier", 944],
            ["etat", 904],
            ["ministre", 884],
            ["parti", 851],
            ["jeune", 849],
            ["arabe", 825],
            ["groupe", 823],
            ["pouvoir", 806],
            ["national", 800],
            ["personne", 783],
            ["femme", 750],
            ["moins", 746],
            ["religieux", 738],
            ["question", 723],
            ["ville", 712]
        ]
    }]
}, {
    "source": "liberation",
    "tops": [{
        "date": "1997/12/31",
        "words": [
            ["musulman", 430],
            ["politique", 213],
            ["pays", 186],
            ["homme", 179],
            ["islam", 165],
            ["guerre", 152],
            ["ville", 137],
            ["france", 136],
            ["monde", 132],
            ["islamiste", 125],
            ["femme", 124],
            ["serbe", 121],
            ["pouvoir", 120],
            ["religieux", 120],
            ["dernier", 120],
            ["juif", 118],
            ["seul", 116],
            ["arabe", 114],
            ["personne", 108],
            ["premier", 106],
            ["etat", 106],
            ["droit", 102],
            ["parti", 100],
            ["islamique", 98]
        ]
    }, {
        "date": "1999/12/31",
        "words": [
            ["musulman", 542],
            ["pays", 271],
            ["guerre", 245],
            ["islam", 231],
            ["homme", 218],
            ["politique", 199],
            ["france", 187],
            ["islamiste", 174],
            ["premier", 171],
            ["jeune", 161],
            ["religieux", 156],
            ["monde", 154],
            ["toujours", 146],
            ["seul", 141],
            ["ministre", 140],
            ["femme", 139],
            ["personne", 139],
            ["dernier", 139],
            ["islamique", 138],
            ["droit", 136],
            ["pouvoir", 135],
            ["chef", 135],
            ["mort", 135],
            ["etat", 134]
        ]
    }, {
        "date": "1998/12/31",
        "words": [
            ["musulman", 426],
            ["pays", 257],
            ["politique", 203],
            ["arabe", 187],
            ["homme", 178],
            ["islam", 172],
            ["monde", 160],
            ["guerre", 158],
            ["france", 140],
            ["pouvoir", 136],
            ["toujours", 131],
            ["ville", 129],
            ["premier", 129],
            ["etat", 127],
            ["religieux", 127],
            ["mort", 126],
            ["dernier", 126],
            ["gouvernement", 126],
            ["temps", 122],
            ["jeune", 119],
            ["personne", 119],
            ["seul", 119],
            ["islamiste", 117],
            ["hier", 117]
        ]
    }, {
        "date": "2002/12/31",
        "words": [
            ["musulman", 1357],
            ["islam", 666],
            ["pays", 573],
            ["france", 503],
            ["politique", 492],
            ["homme", 416],
            ["guerre", 414],
            ["monde", 407],
            ["islamiste", 367],
            ["jeune", 363],
            ["septembre", 351],
            ["juif", 325],
            ["etat", 317],
            ["religieux", 314],
            ["islamique", 306],
            ["moins", 300],
            ["peu", 296],
            ["droit", 295],
            ["arabe", 282],
            ["femme", 270],
            ["religion", 270],
            ["seul", 267],
            ["toujours", 262],
            ["attentat", 259]
        ]
    }, {
        "date": "2003/12/31",
        "words": [
            ["musulman", 1734],
            ["france", 776],
            ["religieux", 713],
            ["voile", 673],
            ["islam", 628],
            ["loi", 614],
            ["pays", 611],
            ["femme", 609],
            ["politique", 588],
            ["guerre", 548],
            ["jeune", 507],
            ["homme", 503],
            ["juif", 497],
            ["irak", 474],
            ["monde", 461],
            ["arabe", 445],
            ["droit", 434],
            ["etat", 425],
            ["islamiste", 378],
            ["question", 371],
            ["religion", 366],
            ["conseil", 359],
            ["ministre", 349],
            ["islamique", 344],
            ["irakien", 344]
        ]
    }, {
        "date": "2000/12/31",
        "words": [
            ["musulman", 815],
            ["palestinien", 376],
            ["politique", 313],
            ["pays", 289],
            ["otage", 288],
            ["etat", 280],
            ["homme", 275],
            ["ville", 263],
            ["france", 251],
            ["guerre", 247],
            ["juif", 237],
            ["islam", 218],
            ["jeune", 213],
            ["hier", 210],
            ["groupe", 210],
            ["philippin", 209],
            ["arabe", 207],
            ["droit", 200],
            ["islamiste", 199],
            ["chef", 191],
            ["pouvoir", 184],
            ["premier", 183],
            ["paix", 174],
            ["moins", 171]
        ]
    }, {
        "date": "2001/12/31",
        "words": [
            ["musulman", 1247],
            ["pays", 829],
            ["monde", 778],
            ["guerre", 701],
            ["islam", 670],
            ["ben", 639],
            ["laden", 611],
            ["arabe", 605],
            ["politique", 547],
            ["attentat", 517],
            ["taliban", 468],
            ["homme", 468],
            ["palestinien", 422],
            ["islamiste", 419],
            ["terroriste", 402],
            ["islamique", 381],
            ["septembre", 365],
            ["seul", 350],
            ["afghan", 340],
            ["etat", 325],
            ["militaire", 320],
            ["terrorisme", 316],
            ["france", 311],
            ["chef", 308],
            ["international", 305]
        ]
    }, {
        "date": "2006/12/31",
        "words": [
            ["musulman", 1506],
            ["islam", 705],
            ["pays", 679],
            ["monde", 550],
            ["arabe", 549],
            ["france", 480],
            ["politique", 469],
            ["islamiste", 397],
            ["homme", 377],
            ["jeune", 367],
            ["religieux", 358],
            ["femme", 351],
            ["guerre", 344],
            ["caricature", 344],
            ["religion", 336],
            ["droit", 332],
            ["premier", 296],
            ["ministre", 291],
            ["affaire", 282],
            ["peu", 279],
            ["moins", 274],
            ["personne", 269],
            ["palestinien", 265],
            ["question", 264],
            ["gouvernement", 259]
        ]
    }, {
        "date": "2007/12/31",
        "words": [
            ["musulman", 864],
            ["pays", 486],
            ["sarkozy", 450],
            ["politique", 442],
            ["france", 401],
            ["islam", 393],
            ["islamiste", 348],
            ["femme", 347],
            ["monde", 304],
            ["royal", 299],
            ["homme", 295],
            ["jeune", 267],
            ["islamique", 256],
            ["gouvernement", 247],
            ["premier", 245],
            ["droit", 243],
            ["ministre", 239],
            ["religieux", 239],
            ["etat", 229],
            ["religion", 225],
            ["attentat", 222],
            ["guerre", 221],
            ["personne", 208],
            ["question", 208],
            ["enfant", 202]
        ]
    }, {
        "date": "2004/12/31",
        "words": [
            ["musulman", 1986],
            ["france", 1005],
            ["loi", 824],
            ["politique", 775],
            ["pays", 749],
            ["islam", 702],
            ["religieux", 631],
            ["jeune", 592],
            ["femme", 551],
            ["homme", 541],
            ["monde", 510],
            ["irak", 481],
            ["islamique", 457],
            ["voile", 452],
            ["etat", 449],
            ["droit", 428],
            ["arabe", 412],
            ["islamiste", 402],
            ["question", 396],
            ["guerre", 395],
            ["religion", 379],
            ["conseil", 379],
            ["juif", 378],
            ["personne", 376],
            ["europe", 372]
        ]
    }, {
        "date": "2005/12/31",
        "words": [
            ["musulman", 1299],
            ["france", 575],
            ["politique", 575],
            ["pays", 553],
            ["islam", 516],
            ["jeune", 414],
            ["homme", 394],
            ["islamiste", 382],
            ["monde", 375],
            ["irak", 352],
            ["arabe", 351],
            ["religieux", 342],
            ["attentat", 340],
            ["guerre", 336],
            ["loi", 302],
            ["premier", 294],
            ["etat", 287],
            ["droit", 283],
            ["religion", 275],
            ["ministre", 274],
            ["pouvoir", 272],
            ["femme", 270],
            ["moins", 263],
            ["mort", 261]
        ]
    }, {
        "date": "2015/12/31",
        "words": [
            ["musulman", 2874],
            ["france", 2026],
            ["pays", 1377],
            ["politique", 1223],
            ["monde", 1078],
            ["jeune", 1054],
            ["personne", 1052],
            ["paris", 1018],
            ["islamique", 955],
            ["droit", 926],
            ["attentat", 874],
            ["charlie", 846],
            ["hebdo", 790],
            ["janvier", 788],
            ["premier", 785],
            ["religion", 764],
            ["groupe", 760],
            ["religieux", 743],
            ["guerre", 743],
            ["terroriste", 741],
            ["toujours", 737],
            ["femme", 730],
            ["homme", 720],
            ["question", 715]
        ]
    }, {
        "date": "2014/12/31",
        "words": [
            ["musulman", 1841],
            ["pays", 1027],
            ["islamique", 790],
            ["france", 771],
            ["jeune", 735],
            ["politique", 692],
            ["groupe", 681],
            ["personne", 616],
            ["islamiste", 600],
            ["syrie", 589],
            ["ville", 555],
            ["femme", 550],
            ["premier", 546],
            ["jihadistes", 529],
            ["homme", 528],
            ["mort", 511],
            ["ministre", 496],
            ["droit", 495],
            ["gouvernement", 465],
            ["juif", 446],
            ["seul", 434],
            ["monde", 431],
            ["guerre", 430],
            ["pouvoir", 418]
        ]
    }, {
        "date": "2008/12/31",
        "words": [
            ["musulman", 634],
            ["pays", 328],
            ["politique", 287],
            ["femme", 265],
            ["islam", 263],
            ["homme", 253],
            ["islamiste", 251],
            ["religion", 233],
            ["monde", 220],
            ["france", 205],
            ["religieux", 198],
            ["attentat", 194],
            ["parti", 191],
            ["droit", 187],
            ["mort", 187],
            ["jeune", 186],
            ["seul", 179],
            ["juif", 176],
            ["personne", 175],
            ["groupe", 172],
            ["dernier", 166],
            ["ministre", 165],
            ["etat", 165],
            ["arabe", 163],
            ["moins", 162]
        ]
    }, {
        "date": "2009/12/31",
        "words": [
            ["musulman", 936],
            ["pays", 553],
            ["femme", 408],
            ["france", 384],
            ["monde", 372],
            ["politique", 337],
            ["droit", 320],
            ["juif", 273],
            ["palestinien", 272],
            ["religion", 271],
            ["religieux", 265],
            ["voile", 264],
            ["question", 258],
            ["personne", 234],
            ["ministre", 229],
            ["loi", 228],
            ["islamique", 226],
            ["arabe", 216],
            ["jeune", 208],
            ["moins", 207],
            ["national", 206],
            ["islamiste", 195],
            ["premier", 192],
            ["guerre", 191],
            ["homme", 190]
        ]
    }, {
        "date": "2011/12/31",
        "words": [
            ["musulman", 1558],
            ["pays", 895],
            ["politique", 768],
            ["france", 631],
            ["islamiste", 617],
            ["parti", 608],
            ["monde", 517],
            ["arabe", 507],
            ["pouvoir", 495],
            ["place", 492],
            ["ben", 490],
            ["ministre", 481],
            ["personne", 468],
            ["droit", 468],
            ["moubarak", 437],
            ["premier", 437],
            ["jeune", 435],
            ["mort", 430],
            ["homme", 401],
            ["national", 393],
            ["gouvernement", 386],
            ["religieux", 375],
            ["chef", 362],
            ["femme", 351],
            ["mouvement", 351]
        ]
    }, {
        "date": "2010/12/31",
        "words": [
            ["musulman", 1139],
            ["france", 527],
            ["pays", 424],
            ["femme", 388],
            ["politique", 359],
            ["voile", 339],
            ["religieux", 314],
            ["personne", 307],
            ["monde", 285],
            ["droit", 280],
            ["loi", 277],
            ["jeune", 274],
            ["religion", 245],
            ["premier", 245],
            ["national", 239],
            ["islamique", 234],
            ["question", 225],
            ["ministre", 222],
            ["groupe", 216],
            ["islamiste", 212],
            ["lieu", 206],
            ["parti", 193],
            ["homme", 190],
            ["seul", 190]
        ]
    }, {
        "date": "2013/12/31",
        "words": [
            ["musulman", 1755],
            ["pays", 1230],
            ["islamiste", 1149],
            ["morsi", 1020],
            ["politique", 815],
            ["mohamed", 809],
            ["france", 666],
            ["pouvoir", 619],
            ["personne", 609],
            ["militaire", 600],
            ["ministre", 592],
            ["mort", 579],
            ["premier", 546],
            ["jeune", 507],
            ["place", 504],
            ["groupe", 500],
            ["caire", 498],
            ["gouvernement", 492],
            ["violence", 482],
            ["femme", 468],
            ["homme", 460],
            ["police", 460],
            ["chef", 459],
            ["coup", 418]
        ]
    }, {
        "date": "2012/12/31",
        "words": [
            ["musulman", 2044],
            ["mohamed", 1477],
            ["pays", 1217],
            ["france", 931],
            ["islamiste", 914],
            ["politique", 912],
            ["dcri", 761],
            ["personne", 705],
            ["pouvoir", 675],
            ["premier", 610],
            ["donc", 600],
            ["monde", 587],
            ["morsi", 571],
            ["bon", 569],
            ["ministre", 561],
            ["militaire", 557],
            ["arabe", 542],
            ["peu", 542],
            ["mort", 535],
            ["groupe", 526],
            ["ville", 501],
            ["homme", 497],
            ["droit", 484],
            ["chef", 465]
        ]
    }]
}]
